Location,Nov-16,Jan-17,Mar-17,May-17,Jul-17,Sep-17,Nov-17,Jan-18,Mar-18,May-18,Jul-18,Sep-18,Nov-18,Jan-19,Mar-19,May-19,Jul-19,Sep-19,Nov-19,Jan-20,Mar-20,May-20,Jul-20,Sep-20,Nov-20,Jan-21,Mar-21,May-21,Jul-21,Sep-21,Nov-21,Jan-22,Mar-22,May-22,Jul-22,Sep-22,Nov-22
>50m,0.793,0.71,0.79,0.77,0.766,0.785,0.753,0.615,0.804,0.816,0.823,0.825,0.586,0.821,0.75,0.828,0.787,0.777,0.81,0.692,0.772,0.767,0.805,0.799,0.734,0.772,0.791,0.811,0.804,0.724,0.749,0.754,0.788,0.806,0.786,0.817,0.763
>50m,0.72,0.482,0.831,0.75,0.793,0.753,0.7,0.421,0.793,0.781,0.829,0.79,0.727,0.677,0.647,0.766,0.764,0.774,0.763,0.523,0.786,0.775,0.779,0.797,0.75,0.686,0.786,0.845,0.756,0.816,0.666,0.658,0.795,0.798,0.775,0.783,0.663
>50m,0.785,0.524,0.816,0.778,0.77,0.867,0.735,0.462,0.771,0.672,0.821,0.816,0.719,0.638,0.523,0.76,0.788,0.855,0.754,0.472,0.801,0.742,0.691,0.775,0.77,0.399,0.823,0.841,0.766,0.761,0.704,0.496,0.711,0.777,0.768,0.803,0.628
>50m,0.773,0.566,0.823,0.747,0.787,0.78,0.686,0.372,0.78,0.639,0.827,0.836,0.728,0.653,0.473,0.705,0.796,0.789,0.785,0.318,0.77,0.696,0.722,0.781,0.789,0.376,0.833,0.816,0.793,0.771,0.732,0.373,0.49,0.76,0.764,0.764,0.76
>50m,0.794,0.597,0.784,0.835,0.834,0.833,0.736,0.541,0.825,0.793,0.815,0.748,0.585,0.702,0.741,0.783,0.786,0.811,0.694,0.477,0.832,0.797,0.754,0.762,0.776,0.644,0.776,0.819,0.804,0.779,0.708,0.59,0.635,0.697,0.761,0.724,0.746
>50m,0.774,0.613,0.767,0.841,0.78,0.757,0.792,0.442,0.769,0.724,0.783,0.636,0.718,0.666,0.675,0.827,0.773,0.73,0.774,0.658,0.798,0.758,0.782,0.788,0.761,0.518,0.802,0.822,0.811,0.862,0.778,0.66,0.798,0.789,0.812,0.762,0.732
>50m,0.741,0.481,0.768,0.808,0.735,0.815,0.776,0.593,0.801,0.669,0.796,0.757,0.698,0.69,0.578,0.8,0.758,0.806,0.797,0.454,0.75,0.678,0.757,0.778,0.755,0.366,0.728,0.863,0.811,0.755,0.71,0.591,0.599,0.469,0.669,0.789,0.749
>50m,0.768,0.479,0.765,0.838,0.778,0.778,0.778,0.509,0.817,0.747,0.792,0.826,0.657,0.646,0.745,0.762,0.771,0.815,0.726,0.377,0.805,0.589,0.721,0.782,0.725,0.329,0.722,0.797,0.767,0.752,0.72,0.839,0.722,0.74,0.769,0.805,0.724
>50m,0.799,0.477,0.774,0.774,0.79,0.806,0.76,0.601,0.786,0.774,0.786,0.758,0.675,0.797,0.768,0.772,0.787,0.776,0.798,0.433,0.768,0.795,0.771,0.771,0.773,0.544,0.741,0.852,0.746,0.77,0.769,0.643,0.69,0.722,0.795,0.715,0.804
>50m,0.809,0.544,0.804,0.8,0.789,0.848,0.74,0.494,0.786,0.482,0.711,0.773,0.302,0.647,0.344,0.778,0.711,0.758,0.729,0.557,0.793,0.333,0.517,0.747,0.697,0.511,0.846,0.616,0.718,0.784,0.763,0.442,0.719,0.209,0.587,0.761,0.788
>50m,0.808,0.606,0.818,0.74,0.81,0.813,0.739,0.432,0.784,0.695,0.765,0.74,0.678,0.687,0.582,0.762,0.781,0.773,0.777,0.304,0.833,0.723,0.784,0.814,0.8,0.596,0.803,0.759,0.785,0.801,0.727,0.62,0.707,0.793,0.763,0.819,0.742
>50m,0.739,0.397,0.765,0.762,0.77,0.79,0.8,0.764,0.803,0.807,0.785,0.827,0.687,0.797,0.726,0.813,0.797,0.82,0.823,0.709,0.837,0.807,0.787,0.824,0.819,0.758,0.805,0.762,0.786,0.78,0.749,0.684,0.757,0.796,0.758,0.843,0.759
>50m,0.764,0.467,0.798,0.766,0.686,0.795,0.773,0.629,0.769,0.822,0.799,0.766,0.65,0.661,0.73,0.79,0.801,0.813,0.769,0.107,0.793,0.783,0.757,0.811,0.757,0.701,0.788,0.817,0.795,0.809,0.774,0.755,0.784,0.774,0.745,0.766,0.752
>50m,0.774,0.579,0.783,0.794,0.785,0.802,0.723,0.616,0.859,0.808,0.825,0.815,0.662,0.818,0.762,0.808,0.845,0.795,0.769,0.662,0.791,0.793,0.778,0.762,0.775,0.703,0.749,0.796,0.782,0.794,0.725,0.701,0.744,0.768,0.737,0.789,0.749
>50m,0.795,0.775,0.82,0.816,0.701,0.82,0.791,0.432,0.794,0.797,0.797,0.828,0.324,0.665,0.699,0.844,0.786,0.821,0.77,0.422,0.795,0.82,0.802,0.827,0.813,0.576,0.801,0.689,0.736,0.772,0.719,0.747,0.769,0.738,0.813,0.786,0.799
>50m,0.756,0.269,0.842,0.792,0.772,0.794,0.782,0.549,0.822,0.808,0.807,0.713,0.529,0.649,0.708,0.792,0.755,0.749,0.745,0.446,0.781,0.836,0.792,0.79,0.763,0.557,0.787,0.758,0.694,0.766,0.688,0.712,0.688,0.757,0.801,0.78,0.752
>50m,0.767,0.647,0.797,0.791,0.778,0.823,0.776,0.563,0.823,0.782,0.843,0.735,0.521,0.662,0.727,0.798,0.795,0.766,0.796,0.706,0.811,0.754,0.811,0.799,0.772,0.677,0.803,0.774,0.776,0.78,0.728,0.736,0.734,0.788,0.814,0.708,0.655
>50m,0.73,0.701,0.785,0.781,0.81,0.777,0.755,0.234,0.788,0.793,0.813,0.796,0.703,0.688,0.517,0.809,0.82,0.783,0.721,0.1,0.786,0.726,0.746,0.775,0.762,0.578,0.739,0.796,0.748,0.729,0.792,0.452,0.74,0.771,0.787,0.785,0.815
>50m,0.762,0.516,0.789,0.832,0.796,0.797,0.783,0.489,0.775,0.787,0.837,0.648,0.637,0.809,0.633,0.781,0.785,0.699,0.735,0.294,0.763,0.752,0.763,0.79,0.741,0.492,0.772,0.785,0.774,0.767,0.712,0.568,0.285,0.624,0.715,0.759,0.758
>50m,0.8,0.677,0.763,0.785,0.77,0.792,0.764,0.724,0.826,0.833,0.824,0.807,0.616,0.722,0.812,0.737,0.802,0.787,0.803,0.699,0.708,0.748,0.761,0.811,0.793,0.675,0.767,0.788,0.771,0.799,0.792,0.623,0.754,0.799,0.832,0.777,0.836
>50m,0.766,0.597,0.802,0.802,0.738,0.85,0.77,0.539,0.797,0.805,0.823,0.802,0.414,0.779,0.764,0.64,0.805,0.803,0.728,0.298,0.757,0.801,0.776,0.819,0.715,0.759,0.802,0.802,0.823,0.826,0.688,0.76,0.773,0.775,0.789,0.807,0.687
>50m,0.758,0.617,0.806,0.77,0.753,0.789,0.773,0.516,0.821,0.762,0.812,0.732,0.644,0.593,0.532,0.807,0.74,0.802,0.82,0.162,0.81,0.715,0.81,0.797,0.743,0.47,0.783,0.793,0.753,0.825,0.778,0.472,0.716,0.798,0.779,0.809,0.65
>50m,0.797,0.583,0.787,0.792,0.818,0.776,0.794,0.588,0.837,0.738,0.814,0.732,0.204,0.619,0.754,0.764,0.79,0.769,0.751,0.202,0.75,0.655,0.792,0.73,0.741,0.536,0.752,0.778,0.781,0.751,0.754,0.646,0.679,0.761,0.777,0.795,0.749
>50m,0.813,0.309,0.82,0.793,0.779,0.807,0.724,0.464,0.822,0.813,0.818,0.798,0.467,0.694,0.799,0.8,0.761,0.799,0.786,0.372,0.786,0.8,0.754,0.748,0.713,0.768,0.813,0.773,0.781,0.839,0.698,0.743,0.819,0.791,0.788,0.744,0.83
>50m,0.79,0.392,0.783,0.793,0.748,0.755,0.821,0.493,0.786,0.832,0.807,0.838,0.325,0.725,0.69,0.804,0.754,0.805,0.832,0.503,0.748,0.746,0.71,0.774,0.738,0.589,0.792,0.785,0.785,0.802,0.768,0.578,0.667,0.671,0.752,0.755,0.691
>50m,0.781,0.629,0.76,0.801,0.752,0.634,0.764,0.606,0.82,0.813,0.833,0.79,0.667,0.67,0.764,0.806,0.801,0.685,0.735,0.526,0.786,0.81,0.861,0.783,0.825,0.695,0.805,0.762,0.754,0.8,0.716,0.782,0.75,0.791,0.798,0.867,0.755
>50m,0.795,0.656,0.738,0.755,0.799,0.769,0.791,0.582,0.802,0.79,0.773,0.723,0.516,0.665,0.707,0.801,0.804,0.746,0.781,0.499,0.81,0.797,0.769,0.789,0.786,0.561,0.808,0.79,0.822,0.774,0.699,0.645,0.736,0.832,0.785,0.806,0.761
<50m,0.747,0.528,0.773,0.762,0.788,0.821,0.541,0.375,0.741,0.709,0.783,0.589,0.74,0.671,0.577,0.763,0.742,0.678,0.652,0.404,0.806,0.51,0.623,0.745,0.648,0.577,0.742,0.812,0.711,0.767,0.744,0.561,0.755,0.746,0.708,0.77,0.755
<50m,0.81,0.695,0.804,0.787,0.793,0.765,0.785,0.741,0.763,0.734,0.805,0.763,0.759,0.76,0.734,0.787,0.736,0.796,0.733,0.715,0.809,0.712,0.518,0.772,0.745,0.591,0.722,0.806,0.711,0.775,0.8,0.719,0.733,0.737,0.79,0.81,0.801
<50m,0.737,0.382,0.765,0.757,0.721,0.796,0.594,0.562,0.748,0.705,0.799,0.545,0.744,0.676,0.595,0.755,0.754,0.728,0.721,0.663,0.797,0.762,0.706,0.714,0.734,0.617,0.753,0.762,0.722,0.772,0.787,0.517,0.704,0.743,0.721,0.762,0.748
<50m,0.756,0.533,0.707,0.733,0.827,0.728,0.801,0.614,0.579,0.742,0.836,0.614,0.735,0.66,0.362,0.728,0.689,0.737,0.672,0.256,0.772,0.775,0.813,0.723,0.699,0.428,0.699,0.811,0.683,0.763,0.698,0.577,0.755,0.617,0.729,0.693,0.778
<50m,0.772,0.721,0.747,0.775,0.747,0.715,0.76,0.74,0.653,0.809,0.679,0.674,0.593,0.773,0.553,0.725,0.769,0.699,0.729,0.671,0.807,0.692,0.499,0.701,0.676,0.618,0.572,0.707,0.665,0.773,0.717,0.761,0.706,0.748,0.636,0.657,0.702
<50m,0.797,0.557,0.746,0.633,0.726,0.804,0.729,0.557,0.721,0.613,0.768,0.775,0.693,0.562,0.502,0.421,0.625,0.773,0.683,0.386,0.769,0.66,0.617,0.767,0.726,0.47,0.755,0.767,0.775,0.842,0.78,0.681,0.578,0.689,0.705,0.761,0.753
<50m,0.709,0.554,0.563,0.742,0.698,0.733,0.75,0.598,0.755,0.746,0.749,0.452,0.791,0.394,0.564,0.764,0.694,0.737,0.631,0.115,0.823,0.548,0.64,0.765,0.696,0.411,0.809,0.777,0.65,0.774,0.772,0.512,0.485,0.669,0.728,0.758,0.763
<50m,0.799,0.601,0.672,0.762,0.775,0.775,0.794,0.483,0.783,0.744,0.755,0.728,0.782,0.761,0.637,0.777,0.688,0.787,0.685,0.137,0.751,0.591,0.605,0.679,0.693,0.724,0.733,0.757,0.678,0.791,0.767,0.729,0.7,0.704,0.625,0.783,0.773
<50m,0.775,0.544,0.767,0.818,0.785,0.784,0.734,0.511,0.819,0.796,0.809,0.817,0.769,0.66,0.57,0.785,0.761,0.754,0.641,0.028,0.817,0.778,0.755,0.72,0.754,0.433,0.728,0.835,0.766,0.829,0.757,0.577,0.721,0.752,0.803,0.814,0.773
<50m,0.559,0.634,0.735,0.75,0.764,0.782,0.82,0.671,0.768,0.723,0.723,0.697,0.721,0.733,0.705,0.724,0.531,0.731,0.639,0.577,0.697,0.626,0.369,0.712,0.709,0.591,0.658,0.751,0.679,0.758,0.756,0.712,0.749,0.743,0.684,0.735,0.79
<50m,0.782,0.726,0.679,0.773,0.701,0.718,0.753,0.462,0.612,0.661,0.818,0.648,0.767,0.7,0.637,0.725,0.741,0.662,0.718,0.552,0.795,0.555,0.669,0.755,0.819,0.482,0.754,0.822,0.809,0.798,0.821,0.472,0.546,0.767,0.671,0.811,0.793
<50m,0.727,0.501,0.792,0.734,0.744,0.744,0.654,0.602,0.576,0.586,0.74,0.707,0.683,0.378,0.5,0.749,0.785,0.736,0.619,0.652,0.786,0.705,0.62,0.737,0.755,0.668,0.79,0.784,0.73,0.738,0.749,0.618,0.708,0.72,0.745,0.689,0.8
<50m,0.809,0.621,0.758,0.782,0.755,0.785,0.756,0.664,0.667,0.68,0.792,0.81,0.646,0.302,0.456,0.681,0.687,0.786,0.708,0.434,0.808,0.587,0.772,0.696,0.748,0.567,0.799,0.717,0.73,0.749,0.74,0.584,0.621,0.738,0.708,0.721,0.805
<50m,0.789,0.707,0.749,0.714,0.806,0.788,0.671,0.526,0.756,0.72,0.828,0.771,0.713,0.815,0.592,0.77,0.716,0.796,0.689,0.555,0.721,0.665,0.643,0.759,0.804,0.714,0.755,0.749,0.741,0.77,0.765,0.589,0.645,0.812,0.709,0.817,0.866
<50m,0.748,0.673,0.767,0.783,0.727,0.778,0.816,0.719,0.765,0.706,0.727,0.73,0.652,0.674,0.683,0.711,0.638,0.784,0.662,0.6,0.833,0.394,0.595,0.802,0.819,0.656,0.758,0.732,0.742,0.791,0.772,0.633,0.572,0.782,0.726,0.737,0.799
<50m,0.726,0.597,0.749,0.71,0.714,0.785,0.69,0.598,0.748,0.742,0.771,0.705,0.727,0.781,0.635,0.788,0.744,0.756,0.645,0.5,0.788,0.629,0.664,0.805,0.791,0.67,0.794,0.751,0.699,0.765,0.743,0.518,0.573,0.667,0.715,0.757,0.765
<50m,0.637,0.775,0.793,0.744,0.679,0.774,0.751,0.688,0.791,0.681,0.787,0.809,0.676,0.797,0.736,0.779,0.72,0.815,0.737,0.552,0.749,0.732,0.77,0.805,0.774,0.687,0.73,0.736,0.669,0.656,0.788,0.758,0.57,0.643,0.613,0.805,0.814
<50m,0.786,0.571,0.726,0.65,0.658,0.767,0.733,0.769,0.732,0.665,0.74,0.708,0.617,0.714,0.558,0.66,0.65,0.698,0.674,0.602,0.743,0.748,0.66,0.797,0.773,0.693,0.669,0.74,0.78,0.749,0.744,0.738,0.512,0.672,0.728,0.767,0.818
<50m,0.736,0.686,0.822,0.743,0.685,0.772,0.677,0.624,0.787,0.542,0.793,0.755,0.612,0.631,0.595,0.788,0.78,0.762,0.723,0.56,0.79,0.562,0.721,0.821,0.742,0.668,0.786,0.812,0.716,0.784,0.788,0.647,0.565,0.709,0.716,0.804,0.792
<50m,0.76,0.733,0.798,0.83,0.775,0.781,0.713,0.691,0.704,0.772,0.799,0.745,0.675,0.779,0.712,0.747,0.779,0.765,0.649,0.557,0.818,0.759,0.566,0.759,0.769,0.76,0.768,0.818,0.696,0.784,0.758,0.699,0.752,0.68,0.682,0.692,0.778
<50m,0.741,0.354,0.619,0.727,0.685,0.733,0.546,0.585,0.817,0.729,0.785,0.718,0.665,0.762,0.595,0.774,0.71,0.737,0.767,0.496,0.753,0.456,0.666,0.82,0.829,0.599,0.665,0.778,0.742,0.725,0.762,0.483,0.463,0.734,0.687,0.722,0.789
<50m,0.75,0.568,0.746,0.807,0.725,0.753,0.597,0.581,0.784,0.429,0.744,0.705,0.782,0.665,0.718,0.756,0.623,0.713,0.745,0.1,0.758,0.616,0.558,0.807,0.692,0.478,0.707,0.78,0.668,0.774,0.78,0.432,0.551,0.763,0.801,0.704,0.795
<50m,0.702,0.697,0.569,0.65,0.563,0.752,0.75,0.611,0.727,0.642,0.735,0.698,0.692,0.708,0.707,0.761,0.65,0.717,0.762,0.734,0.73,0.713,0.664,0.743,0.783,0.67,0.714,0.72,0.785,0.724,0.756,0.762,0.775,0.734,0.688,0.761,0.783
>50m,0.774,0.768,0.772,0.785,0.832,0.772,0.785,0.679,0.789,0.83,0.773,0.805,0.835,0.663,0.706,0.703,0.736,0.818,0.746,0.592,0.832,0.79,0.753,0.793,0.792,0.673,0.73,0.811,0.719,0.78,0.803,0.752,0.629,0.775,0.829,0.793,0.833
>50m,0.797,0.716,0.826,0.82,0.761,0.78,0.751,0.469,0.789,0.803,0.837,0.767,0.748,0.675,0.448,0.734,0.777,0.773,0.799,0.295,0.838,0.719,0.742,0.809,0.752,0.386,0.764,0.79,0.829,0.782,0.749,0.35,0.358,0.686,0.728,0.84,0.803
>50m,0.742,0.57,0.801,0.786,0.634,0.796,0.491,0.564,0.808,0.777,0.775,0.717,0.671,0.344,0.602,0.694,0.775,0.77,0.656,0.514,0.816,0.806,0.714,0.794,0.68,0.632,0.791,0.784,0.7,0.788,0.719,0.497,0.774,0.691,0.783,0.805,0.802
>50m,0.783,0.592,0.776,0.808,0.811,0.837,0.687,0.554,0.796,0.8,0.832,0.861,0.556,0.435,0.77,0.799,0.768,0.838,0.634,0.5,0.798,0.808,0.754,0.781,0.747,0.484,0.788,0.797,0.774,0.816,0.531,0.485,0.755,0.8,0.745,0.774,0.6
>50m,0.83,0.777,0.799,0.828,0.842,0.814,0.755,0.758,0.832,0.812,0.825,0.82,0.681,0.588,0.751,0.834,0.785,0.812,0.819,0.573,0.792,0.827,0.807,0.848,0.77,0.754,0.859,0.824,0.821,0.75,0.774,0.783,0.798,0.606,0.688,0.828,0.663
>50m,0.834,0.755,0.798,0.806,0.823,0.84,0.739,0.55,0.8,0.744,0.775,0.825,0.759,0.568,0.354,0.501,0.785,0.801,0.814,0.395,0.797,0.729,0.617,0.819,0.774,0.676,0.784,0.826,0.805,0.733,0.728,0.767,0.802,0.765,0.824,0.797,0.8
>50m,0.7,0.666,0.78,0.799,0.779,0.761,0.64,0.539,0.745,0.681,0.722,0.771,0.728,0.708,0.62,0.627,0.769,0.799,0.709,0.595,0.807,0.783,0.708,0.784,0.639,0.689,0.748,0.789,0.695,0.734,0.764,0.706,0.756,0.742,0.77,0.741,0.742
>50m,0.802,0.839,0.806,0.804,0.807,0.769,0.683,0.696,0.819,0.796,0.778,0.805,0.547,0.798,0.809,0.775,0.792,0.804,0.775,0.744,0.817,0.783,0.801,0.778,0.783,0.709,0.812,0.832,0.722,0.751,0.789,0.808,0.805,0.78,0.778,0.812,0.703
>50m,0.786,0.757,0.802,0.799,0.782,0.748,0.625,0.774,0.817,0.797,0.753,0.837,0.692,0.609,0.735,0.801,0.789,0.767,0.762,0.779,0.793,0.778,0.774,0.809,0.75,0.81,0.759,0.82,0.798,0.762,0.768,0.771,0.818,0.794,0.762,0.804,0.795
>50m,0.782,0.571,0.799,0.756,0.807,0.808,0.03,0.699,0.772,0.768,0.761,0.803,0.722,0.58,0.802,0.807,0.804,0.813,0.752,0.777,0.854,0.816,0.756,0.854,0.743,0.747,0.762,0.808,0.722,0.769,0.741,0.815,0.821,0.814,0.761,0.762,0.809
>50m,0.787,0.766,0.796,0.806,0.751,0.778,0.788,0.764,0.818,0.786,0.754,0.774,0.716,0.444,0.8,0.725,0.79,0.768,0.683,0.673,0.802,0.794,0.806,0.793,0.827,0.751,0.781,0.782,0.747,0.706,0.776,0.751,0.816,0.835,0.772,0.765,0.799
>50m,0.794,0.777,0.792,0.856,0.815,0.82,0.784,0.708,0.791,0.771,0.784,0.808,0.716,0.763,0.761,0.797,0.775,0.831,0.774,0.687,0.813,0.801,0.679,0.811,0.751,0.719,0.843,0.811,0.782,0.737,0.805,0.791,0.804,0.789,0.811,0.81,0.796
>50m,0.83,0.74,0.792,0.801,0.797,0.767,0.753,0.715,0.768,0.762,0.7,0.797,0.722,0.746,0.766,0.713,0.742,0.795,0.779,0.794,0.792,0.757,0.738,0.775,0.754,0.733,0.777,0.795,0.739,0.715,0.794,0.765,0.828,0.747,0.731,0.794,0.736
>50m,0.755,0.761,0.771,0.83,0.777,0.789,0.26,0.524,0.78,0.757,0.817,0.806,0.643,0.566,0.59,0.761,0.784,0.793,0.593,0.423,0.839,0.776,0.792,0.801,0.773,0.603,0.829,0.864,0.8,0.733,0.607,0.558,0.762,0.749,0.771,0.837,0.729
>50m,0.728,0.442,0.807,0.767,0.703,0.795,0.723,0.58,0.802,0.811,0.746,0.804,0.671,0.45,0.73,0.767,0.734,0.81,0.797,0.624,0.787,0.788,0.786,0.828,0.707,0.623,0.837,0.808,0.726,0.727,0.695,0.747,0.813,0.781,0.786,0.805,0.662
<50m,0.795,0.673,0.798,0.789,0.8,0.774,0.732,0.648,0.786,0.757,0.654,0.784,0.776,0.706,0.743,0.602,0.79,0.793,0.801,0.53,0.803,0.796,0.73,0.803,0.745,0.428,0.749,0.777,0.642,0.777,0.728,0.759,0.764,0.761,0.72,0.803,0.794
<50m,0.841,0.748,0.769,0.787,0.772,0.782,0.748,0.42,0.747,0.826,0.798,0.825,0.738,0.58,0.251,0.801,0.767,0.82,0.828,0.59,0.792,0.823,0.765,0.81,0.81,0.422,0.795,0.803,0.762,0.801,0.811,0.712,0.785,0.788,0.808,0.825,0.834
<50m,0.813,0.755,0.715,0.804,0.808,0.815,0.715,0.594,0.865,0.87,0.806,0.751,0.708,0.796,0.583,0.764,0.84,0.761,0.75,0.641,0.833,0.814,0.789,0.805,0.71,0.703,0.819,0.844,0.808,0.772,0.757,0.601,0.524,0.694,0.783,0.746,0.783
<50m,0.748,0.735,0.814,0.8,0.837,0.791,0.807,0.716,0.837,0.814,0.841,0.845,0.772,0.73,0.786,0.785,0.793,0.847,0.785,0.662,0.815,0.827,0.804,0.835,0.806,0.782,0.757,0.784,0.795,0.762,0.792,0.762,0.836,0.808,0.731,0.831,0.797
<50m,0.811,0.677,0.801,0.787,0.797,0.804,0.694,0.649,0.802,0.75,0.795,0.803,0.733,0.78,0.785,0.804,0.798,0.819,0.792,0.755,0.805,0.815,0.75,0.83,0.724,0.495,0.794,0.801,0.807,0.784,0.734,0.491,0.546,0.843,0.812,0.789,0.76
<50m,0.792,0.529,0.789,0.775,0.81,0.776,0.764,0.711,0.756,0.783,0.749,0.805,0.776,0.731,0.739,0.805,0.81,0.814,0.755,0.769,0.819,0.799,0.815,0.801,0.739,0.707,0.803,0.823,0.802,0.807,0.755,0.781,0.776,0.82,0.779,0.821,0.802
<50m,0.834,0.674,0.818,0.818,0.718,0.801,0.597,0.616,0.807,0.783,0.773,0.802,0.76,0.684,0.754,0.821,0.794,0.793,0.772,0.575,0.793,0.821,0.813,0.78,0.74,0.612,0.804,0.802,0.723,0.826,0.735,0.699,0.776,0.822,0.803,0.8,0.832
<50m,0.814,0.688,0.77,0.815,0.745,0.811,0.84,0.698,0.824,0.78,0.749,0.79,0.732,0.715,0.76,0.729,0.814,0.819,0.811,0.702,0.803,0.809,0.825,0.761,0.805,0.53,0.85,0.833,0.827,0.806,0.776,0.74,0.767,0.759,0.804,0.837,0.813
<50m,0.773,0.681,0.778,0.827,0.839,0.796,0.775,0.381,0.777,0.755,0.763,0.825,0.771,0.592,0.237,0.78,0.756,0.787,0.774,0.665,0.794,0.789,0.779,0.799,0.794,0.529,0.803,0.824,0.743,0.784,0.768,0.529,0.784,0.811,0.792,0.776,0.798
<50m,0.789,0.607,0.781,0.807,0.754,0.814,0.704,0.683,0.77,0.801,0.779,0.831,0.742,0.612,0.57,0.784,0.78,0.799,0.758,0.469,0.8,0.795,0.785,0.788,0.782,0.576,0.797,0.801,0.787,0.776,0.699,0.56,0.743,0.805,0.784,0.737,0.807
<50m,0.751,0.485,0.63,0.758,0.782,0.786,0.682,0.769,0.769,0.735,0.787,0.801,0.8,0.598,0.63,0.746,0.691,0.813,0.657,0.666,0.773,0.754,0.631,0.82,0.754,0.717,0.722,0.759,0.717,0.739,0.775,0.467,0.65,0.811,0.676,0.748,0.686
<50m,0.83,0.658,0.742,0.748,0.797,0.775,0.743,0.765,0.712,0.722,0.807,0.843,0.784,0.675,0.678,0.633,0.69,0.759,0.726,0.597,0.74,0.579,0.567,0.688,0.739,0.49,0.804,0.768,0.753,0.8,0.72,0.508,0.225,0.625,0.661,0.798,0.712
<50m,0.737,0.737,0.678,0.759,0.622,0.753,0.741,0.746,0.666,0.057,0.798,0.758,0.809,0.505,0.588,0.556,0.769,0.753,0.802,0.46,0.759,0.678,0.726,0.75,0.643,0.479,0.735,0.731,0.64,0.769,0.742,48.9,0.432,0.735,0.709,0.728,0.744
<50m,0.795,0.582,0.728,0.678,0.641,0.807,0.782,0.715,0.665,0.568,0.649,0.766,0.68,0.544,0.583,0.762,0.652,0.801,0.717,0.558,0.785,0.639,0.713,0.792,0.775,0.563,0.768,0.769,0.787,0.812,0.696,0.431,0.313,0.787,0.694,0.775,0.649
<50m,0.733,0.486,0.643,0.72,0.599,0.632,0.686,0.722,0.782,0.714,0.789,0.786,0.757,0.641,0.564,0.681,0.769,0.73,0.734,0.753,0.63,0.732,0.737,0.785,0.782,0.493,0.745,0.701,0.679,0.78,0.794,0.726,0.09,0.802,0.703,0.748,0.692
<50m,0.793,0.638,0.771,0.836,0.814,0.782,0.759,0.693,0.744,0.789,0.809,0.801,0.691,0.724,0.693,0.807,0.751,0.83,0.794,0.451,0.818,0.833,0.75,0.768,0.788,0.721,0.783,0.785,0.748,0.817,0.812,0.71,0.666,0.808,0.762,0.779,0.741
<50m,0.848,0.467,0.64,0.793,0.648,0.81,0.682,0.751,0.691,0.585,0.725,0.702,0.817,0.507,0.699,0.671,0.692,0.761,0.568,0.683,0.775,0.628,0.774,0.839,0.804,0.647,0.734,0.705,0.759,0.776,0.689,0.467,0.448,0.732,0.768,0.772,0.703
<50m,0.799,0.555,0.67,0.687,0.652,0.738,0.799,0.797,0.591,0.773,0.728,0.768,0.825,0.628,0.633,0.631,0.732,0.786,0.629,0.506,0.758,0.668,0.722,0.749,0.753,0.726,0.785,0.762,0.765,0.701,0.703,0.561,0.527,0.745,0.665,0.73,0.743
<50m,0.765,0.535,0.664,0.753,0.76,0.769,0.717,0.718,0.669,0.762,0.772,0.82,0.785,0.569,0.633,0.727,0.729,0.81,0.182,0.559,0.782,0.813,0.805,0.809,0.742,0.578,0.694,0.724,0.745,0.709,0.713,0.447,0.514,0.829,0.763,0.781,0.775
<50m,0.758,0.609,0.737,0.739,0.779,0.815,0.672,0.652,0.766,0.654,0.806,0.844,0.661,0.539,0.366,0.637,0.742,0.814,0.539,0.546,0.742,0.687,0.746,0.685,0.773,0.642,0.807,0.839,0.752,0.858,0.783,0.725,0.779,0.818,0.786,0.844,0.722
<50m,0.781,0.607,0.73,0.707,0.773,0.741,0.764,0.686,0.775,0.7,0.724,0.815,0.756,0.505,0.454,0.659,0.749,0.757,0.227,0.54,0.782,0.704,0.766,0.678,0.709,0.431,0.778,0.682,0.73,0.777,0.822,0.448,0.235,0.698,0.667,0.797,0.714
<50m,0.727,0.569,0.702,0.815,0.733,0.772,0.78,0.668,0.746,0.723,0.781,0.818,0.646,0.495,0.57,0.574,0.766,0.778,0.289,0.644,0.843,0.754,0.726,0.727,0.779,0.488,0.771,0.803,0.794,0.794,0.755,0.594,0.492,0.483,0.728,0.759,0.715
<50m,0.775,0.633,0.803,0.83,0.778,0.854,0.644,0.657,0.798,0.788,0.803,0.798,0.798,0.622,0.587,0.811,0.79,0.818,0.644,0.656,0.784,0.75,0.777,0.81,0.817,0.458,0.762,0.832,0.788,0.839,0.779,0.455,0.824,0.817,0.814,0.808,0.76
>50m,0.767,0.672,0.814,0.812,0.759,0.769,0.613,0.518,0.763,0.466,0.825,0.711,0.733,0.569,0.268,0.804,0.812,0.719,0.758,0.464,0.835,0.416,0.786,0.808,0.738,0.314,0.789,0.77,0.798,0.801,0.816,0.565,0.288,0.763,0.8,0.795,0.798
>50m,0.812,0.699,0.773,0.668,0.566,0.795,0.668,0.668,0.753,0.608,0.76,0.727,0.711,0.681,0.646,0.66,0.765,0.729,0.788,0.162,0.793,0.614,0.812,0.824,0.768,0.657,0.854,0.698,0.662,0.736,0.819,0.599,0.613,0.776,0.712,0.728,0.695
>50m,0.776,0.807,0.731,0.79,0.536,0.718,0.831,0.712,0.71,0.652,0.734,0.762,0.719,0.726,0.579,0.726,0.607,0.752,0.797,0.469,0.778,0.74,0.793,0.771,0.733,0.608,0.725,0.76,0.722,0.734,0.809,0.512,0.494,0.721,0.692,0.766,0.708
>50m,0.646,0.667,0.743,0.776,0.766,0.789,0.762,0.514,0.62,0.593,0.8,0.699,0.664,0.646,0.571,0.748,0.743,0.719,0.651,0.334,0.804,0.626,0.714,0.838,0.672,0.522,0.724,0.676,0.752,0.726,0.649,0.507,0.421,0.78,0.741,0.771,0.7
>50m,0.709,0.69,0.63,0.745,0.773,0.789,0.656,0.725,0.692,0.679,0.701,0.787,0.728,0.697,0.343,0.79,0.757,0.778,0.691,0.61,0.745,0.56,0.696,0.737,0.752,0.57,0.762,0.748,0.681,0.683,0.752,0.353,0.395,0.632,0.706,0.751,0.714
>50m,0.777,0.396,0.691,0.705,0.627,0.74,0.709,0.747,0.699,0.6,0.768,0.809,0.651,0.572,0.493,0.673,0.743,0.798,0.65,0.411,0.749,0.586,0.714,0.811,0.766,0.607,0.732,0.693,0.708,0.773,0.788,0.428,0.38,0.731,0.673,0.812,0.754
>50m,0.728,0.618,0.705,0.7,0.73,0.801,0.682,0.555,0.775,0.542,0.733,0.788,0.759,0.634,0.696,0.662,0.762,0.773,0.64,0.363,0.784,0.535,0.682,0.781,0.799,0.478,0.792,0.743,0.789,0.825,0.785,0.263,0.431,0.76,0.761,0.805,0.789
>50m,0.681,0.669,0.727,0.631,0.647,0.759,0.749,0.744,0.685,0.59,0.721,0.711,0.695,0.715,0.659,0.585,0.616,0.709,0.711,0.596,0.755,0.613,0.599,0.715,0.745,0.59,0.813,0.689,0.794,0.667,0.669,0.48,0.389,0.743,0.66,0.749,0.762
>50m,0.624,0.425,0.696,0.66,0.728,0.739,0.715,0.643,0.786,0.499,0.769,0.788,0.708,0.293,0.272,0.725,0.737,0.763,0.611,0.436,0.812,0.619,0.687,0.74,0.814,0.32,0.756,0.751,0.726,0.774,0.711,0.229,0.367,0.612,0.674,0.703,0.726
>50m,0.674,0.728,0.851,0.739,0.785,0.718,0.78,0.514,0.74,0.764,0.726,0.742,0.698,0.555,0.53,0.72,0.741,0.76,0.776,0.369,0.785,0.665,0.769,0.828,0.73,0.305,0.724,0.663,0.706,0.761,0.747,0.15,0.711,0.798,0.843,0.775,0.772
>50m,0.798,0.724,0.629,0.701,0.772,0.807,0.789,0.78,0.785,0.757,0.798,0.798,0.675,0.671,0.669,0.765,0.763,0.786,0.773,0.548,0.804,0.712,0.701,0.827,0.74,0.572,0.822,0.714,0.705,0.714,0.786,0.676,0.625,0.793,0.761,0.764,0.686
>50m,0.763,0.372,0.719,0.733,0.797,0.766,0.647,0.528,0.804,0.696,0.791,0.804,0.694,0.483,0.517,0.783,0.746,0.788,0.594,0.578,0.776,0.735,0.757,0.769,0.747,0.559,0.774,0.803,0.774,0.715,0.735,0.181,0.46,0.796,0.722,0.807,0.802
>50m,0.774,0.705,0.785,0.81,0.777,0.77,0.685,0.703,0.758,0.664,0.817,0.774,0.641,0.664,0.58,0.727,0.742,0.754,0.784,0.323,0.811,0.779,0.813,0.798,0.779,0.495,0.792,0.799,0.78,0.735,0.773,0.454,0.405,0.793,0.709,0.829,0.733
>50m,0.795,0.743,0.817,0.817,0.728,0.768,0.712,0.746,0.818,0.743,0.738,0.771,0.74,0.752,0.706,0.806,0.78,0.803,0.827,0.544,0.792,0.78,0.764,0.818,0.73,0.638,0.759,0.799,0.734,0.785,0.743,0.741,0.799,0.818,0.821,0.844,0.746
>50m,0.837,0.722,0.758,0.798,0.785,0.758,0.564,0.679,0.816,0.762,0.8,0.81,0.727,0.604,0.623,0.73,0.751,0.777,0.759,0.446,0.815,0.652,0.83,0.85,0.781,0.566,0.85,0.787,0.77,0.746,0.704,0.639,0.701,0.755,0.783,0.755,0.808
>50m,0.81,0.722,0.764,0.796,0.807,0.768,0.743,0.667,0.715,0.727,0.767,0.79,0.703,0.683,0.676,0.745,0.778,0.776,0.717,0.608,0.831,0.807,0.807,0.781,0.736,0.675,0.806,0.769,0.743,0.803,0.77,0.345,0.762,0.791,0.702,0.734,0.735
>50m,0.774,0.803,0.807,0.811,0.785,0.78,0.588,0.448,0.792,0.784,0.759,0.833,0.777,0.812,0.407,0.798,0.815,0.814,0.815,0.735,0.798,0.714,0.797,0.83,0.784,0.435,0.808,0.777,0.79,0.781,0.799,0.758,0.716,0.71,0.798,0.802,0.811
>50m,0.875,0.737,0.814,0.805,0.834,0.838,0.787,0.636,0.83,0.796,0.797,0.835,0.693,0.604,0.641,0.767,0.824,0.801,0.776,0.516,0.826,0.668,0.791,0.773,0.738,0.511,0.827,0.805,0.817,0.814,0.778,0.442,0.68,0.829,0.819,0.802,0.833
>50m,0.822,0.744,0.788,0.8,0.794,0.78,0.76,0.745,0.825,0.803,0.806,0.822,0.719,0.769,0.738,0.739,0.783,0.818,0.842,0.503,0.799,0.83,0.784,0.812,0.802,0.731,0.842,0.803,0.742,0.805,0.797,0.661,0.697,0.747,0.769,0.697,0.771
>50m,0.824,0.729,0.811,0.778,0.759,0.786,0.739,0.557,0.8,0.777,0.802,0.805,0.594,0.418,0.505,0.762,0.794,0.791,0.777,0.258,0.826,0.797,0.747,0.787,0.79,0.356,0.756,0.773,0.788,0.785,0.762,0.337,0.677,0.79,0.775,0.821,0.783
>50m,0.805,0.816,0.811,0.852,0.822,0.821,0.782,0.5,0.827,0.789,0.782,0.757,0.74,0.627,0.665,0.793,0.822,0.756,0.832,0.38,0.806,0.634,0.793,0.835,0.821,0.397,0.818,0.824,0.763,0.764,0.82,0.671,0.765,0.818,0.814,0.805,0.721
>50m,0.773,0.756,0.739,0.806,0.777,0.786,0.738,0.757,0.785,0.763,0.785,0.812,0.703,0.667,0.702,0.746,0.799,0.839,0.763,0.446,0.786,0.812,0.737,0.798,0.696,0.607,0.723,0.774,0.744,0.801,0.8,0.779,0.797,0.779,0.759,0.796,0.763
>50m,0.797,0.794,0.851,0.844,0.769,0.81,0.796,0.798,0.764,0.725,0.773,0.754,0.688,0.813,0.586,0.761,0.703,0.832,0.814,0.681,0.848,0.819,0.792,0.818,0.825,0.769,0.791,0.842,0.803,0.792,0.787,0.761,0.769,0.837,0.746,0.797,0.735
>50m,0.812,0.746,0.791,0.805,0.813,0.803,0.757,0.708,0.821,0.741,0.79,0.766,0.733,0.743,0.69,0.757,0.813,0.796,0.783,0.521,0.789,0.769,0.795,0.832,0.68,0.677,0.728,0.816,0.81,0.76,0.778,0.757,0.666,0.731,0.739,0.779,0.831
>50m,0.802,0.757,0.821,0.784,0.761,0.808,0.727,0.742,0.787,0.832,0.764,0.771,0.746,0.645,0.298,0.769,0.848,0.792,0.777,0.44,0.794,0.842,0.8,0.802,0.778,0.542,0.809,0.834,0.759,0.79,0.779,0.464,0.655,0.502,0.749,0.788,0.817
>50m,0.804,0.788,0.695,0.812,0.758,0.795,0.714,0.711,0.821,0.822,0.794,0.824,0.698,0.842,0.706,0.805,0.801,0.801,0.752,0.636,0.82,0.839,0.774,0.822,0.746,0.715,0.745,0.866,0.74,0.793,0.778,0.755,0.814,0.754,0.778,0.79,0.8
>50m,0.707,0.643,0.641,0.781,0.781,0.797,0.772,0.738,0.786,0.82,0.805,0.832,0.697,0.8,0.789,0.808,0.798,0.801,0.824,0.568,0.815,0.784,0.752,0.82,0.774,0.622,0.778,0.769,0.733,0.767,0.728,0.753,0.79,0.785,0.777,0.79,0.779
>50m,0.81,0.806,0.766,0.785,0.8,0.825,0.778,0.771,0.837,0.834,0.803,0.775,0.694,0.833,0.801,0.73,0.852,0.77,0.81,0.736,0.8,0.786,0.768,0.818,0.755,0.76,0.714,0.784,0.779,0.828,0.848,0.797,0.767,0.802,0.775,0.791,0.775
>50m,0.8,0.77,0.76,0.815,0.696,0.825,0.813,0.82,0.788,0.783,0.79,0.782,0.78,0.782,0.771,0.751,0.812,0.856,0.831,0.81,0.802,0.796,0.758,0.774,0.811,0.797,0.811,0.835,0.748,0.804,0.774,0.806,0.807,0.791,0.759,0.756,0.72
>50m,0.795,0.626,0.801,0.757,0.793,0.778,0.825,0.777,0.76,0.749,0.746,0.81,0.765,0.741,0.785,0.788,0.765,0.821,0.814,0.797,0.786,0.792,0.79,0.818,0.809,0.755,0.767,0.786,0.735,0.785,0.834,0.769,0.807,0.786,0.771,0.837,0.816
>50m,0.788,0.73,0.796,0.805,0.829,0.827,0.781,0.788,0.692,0.786,0.799,0.836,0.752,0.679,0.669,0.747,0.746,0.797,0.731,0.563,0.814,0.781,0.756,0.796,0.695,0.494,0.744,0.765,0.764,0.862,0.75,0.535,0.645,0.784,0.74,0.784,0.674
>50m,0.812,0.789,0.867,0.759,0.811,0.804,0.786,0.771,0.753,0.745,0.827,0.795,0.755,0.803,0.565,0.697,0.851,0.763,0.84,0.709,0.841,0.825,0.797,0.824,0.79,0.764,0.774,0.744,0.837,0.783,0.773,0.662,0.716,0.794,0.746,0.847,0.748
>50m,0.818,0.69,0.785,0.776,0.724,0.731,0.81,0.629,0.774,0.825,0.739,0.733,0.75,0.637,0.365,0.799,0.755,0.744,0.811,0.309,0.801,0.793,0.724,0.822,0.641,0.576,0.764,0.836,0.815,0.786,0.789,0.533,0.663,0.781,0.735,0.801,0.706
>50m,0.826,0.71,0.775,0.774,0.816,0.829,0.716,0.46,0.78,0.623,0.736,0.771,0.727,0.598,0.578,0.79,0.766,0.788,0.74,0.432,0.778,0.644,0.804,0.805,0.761,0.482,0.754,0.721,0.751,0.769,0.828,0.427,0.506,0.823,0.822,0.831,0.704
>50m,0.832,0.758,0.805,0.793,0.736,0.804,0.857,0.718,0.809,0.823,0.767,0.143,0.707,0.673,0.503,0.741,0.737,0.776,0.735,0.579,0.804,0.766,0.581,0.847,0.748,0.699,0.811,0.827,0.782,0.734,0.784,0.614,0.776,0.812,0.768,0.807,0.754
>50m,0.789,0.741,0.799,0.722,0.729,0.782,0.769,0.686,0.765,0.726,0.777,0.702,0.751,0.592,0.621,0.726,0.78,0.775,0.758,0.6,0.818,0.715,0.677,0.749,0.772,0.591,0.817,0.687,0.699,0.793,0.778,0.509,0.732,0.774,0.729,0.842,0.814
>50m,0.806,0.746,0.807,0.707,0.744,0.772,0.784,0.798,0.757,0.653,0.604,0.799,0.777,0.763,0.814,0.759,0.739,0.744,0.766,0.679,0.806,0.826,0.702,0.785,0.81,0.793,0.804,0.672,0.773,0.772,0.773,0.8,0.8,0.816,0.695,0.821,0.739
>50m,0.787,0.787,0.764,0.774,0.728,0.704,0.729,0.685,0.753,0.733,0.763,0.786,0.73,0.748,0.622,0.736,0.732,0.767,0.775,0.562,0.826,0.713,0.749,0.822,0.749,0.585,0.78,0.757,0.786,0.759,0.808,0.681,0.577,0.716,0.805,0.789,0.818
>50m,0.832,0.704,0.818,0.742,0.715,0.852,0.806,0.764,0.781,0.774,0.798,0.694,0.788,0.64,0.673,0.744,0.778,0.744,0.817,0.692,0.809,0.789,0.799,0.798,0.735,0.64,0.785,0.847,0.734,0.845,0.795,0.615,0.66,0.706,0.722,0.816,0.781
>50m,0.713,0.654,0.814,0.811,0.765,0.672,0.774,0.772,0.785,0.757,0.81,0.813,0.724,0.715,0.774,0.761,0.753,0.782,0.795,0.729,0.823,0.805,0.746,0.82,0.736,0.617,0.784,0.799,0.756,0.743,0.772,0.418,0.777,0.802,0.821,0.812,0.734
>50m,0.796,0.79,0.819,0.759,0.822,0.8,0.811,0.587,0.822,0.769,0.8,0.798,0.751,0.653,0.588,0.754,0.8,0.759,0.78,0.429,0.816,0.796,0.714,0.857,0.736,0.55,0.79,0.809,0.772,0.839,0.772,0.522,0.784,0.722,0.786,0.861,0.77
>50m,0.782,0.74,0.757,0.76,0.739,0.789,0.8,0.707,0.736,0.72,0.732,0.764,0.674,0.766,0.724,0.728,0.697,0.803,0.799,0.711,0.767,0.732,0.736,0.795,0.691,0.616,0.747,0.768,0.688,0.726,0.729,0.688,0.681,0.727,0.736,0.78,0.787
>50m,0.756,0.401,0.76,0.777,0.704,0.768,0.769,0.636,0.696,0.745,0.786,0.613,0.724,0.647,0.614,0.789,0.75,0.688,0.763,0.615,0.817,0.729,0.584,0.72,0.776,0.723,0.768,0.761,0.679,0.813,0.742,0.622,0.337,0.783,0.636,0.76,0.77
>50m,0.767,0.69,0.79,0.767,0.773,0.813,0.782,0.493,0.816,0.677,0.775,0.776,0.773,0.774,0.633,0.791,0.71,0.828,0.699,0.595,0.767,0.697,0.679,0.765,0.746,0.473,0.699,0.798,0.667,0.745,0.643,0.606,0.541,0.679,0.738,0.754,0.809
>50m,0.729,0.595,0.654,0.751,0.712,0.755,0.751,0.558,0.751,0.114,0.788,0.765,0.729,0.407,0.689,0.79,0.749,0.738,0.74,0.682,0.789,0.181,0.666,0.726,0.791,0.362,0.743,0.767,0.68,0.774,0.716,0.461,0.689,0.771,0.696,0.716,0.768
>50m,0.744,0.629,0.654,0.685,0.754,0.687,0.724,0.702,0.643,0.627,0.78,0.697,0.661,0.708,0.515,0.807,0.699,0.724,0.67,0.708,0.814,0.767,0.549,0.801,0.707,0.453,0.811,0.744,0.787,0.755,0.715,0.433,0.463,0.485,0.718,0.699,0.757
>50m,0.727,0.552,0.607,0.728,0.732,0.697,0.758,0.72,0.68,0.625,0.783,0.699,0.737,0.515,0.578,0.759,0.737,0.688,0.651,0.551,0.764,0.556,0.534,0.729,0.8,0.519,0.743,0.782,0.707,0.81,0.678,0.638,0.389,0.731,0.677,0.733,0.752
>50m,0.819,0.624,0.74,0.805,0.757,0.785,0.678,0.486,0.797,0.584,0.763,0.787,0.788,0.617,0.559,0.734,0.744,0.826,0.701,0.557,0.834,0.689,0.417,0.702,0.811,0.563,0.798,0.788,0.737,0.784,0.819,0.5,0.56,0.697,0.654,0.82,0.808
>50m,0.786,0.634,0.678,0.732,0.673,0.767,0.711,0.695,0.757,0.652,0.687,0.773,0.737,0.626,0.649,0.744,0.694,0.763,0.799,0.718,0.798,0.641,0.638,0.684,0.801,0.617,0.695,0.719,0.662,0.795,0.773,0.78,0.694,0.648,0.555,0.699,0.784
>50m,0.692,0.514,0.715,0.769,0.729,0.783,0.764,0.656,0.687,0.621,0.786,0.726,0.761,0.615,0.671,0.762,0.708,0.753,0.75,0.548,0.865,0.692,0.76,0.667,0.742,0.336,0.72,0.799,0.639,0.698,0.674,0.497,0.767,0.433,0.685,0.702,0.735
>50m,0.83,0.791,0.713,0.738,0.766,0.758,0.854,0.676,0.774,0.793,0.769,0.823,0.767,0.866,0.714,0.786,0.805,0.792,0.782,0.851,0.837,0.801,0.692,0.799,0.748,0.832,0.815,0.763,0.82,0.789,0.801,0.818,0.8,0.801,0.702,0.846,0.793
